method,duration,objective
RANDOM,1.69361,4539.41
BS,2.43585,3828.64
VND,33.1719,2698.23
LN,21574.5,2698.23
GA,3478.84,3471.07
